Quantity,References,Value,Footprint,Manufacturer part / selection,Assembly status
1,C1,470uF 10V,Capacitor_THT:CP_Radial_D8.0mm_P3.50mm,"470 uF >=10 V, diameter <=8 mm, pitch 3.5 mm",Fit
13,C2 C3 C5 C6 C7 C8 C10 C11 C13 C14 C15 C17 C18,100nF,Capacitor_THT:C_Disc_D3.0mm_W1.6mm_P2.50mm,"Nonpolar ceramic, >=10 V; match footprint body and 2.50 mm lead pitch",Fit
2,C4 C16,10uF 10V,Capacitor_THT:CP_Radial_D5.0mm_P2.00mm,"Polarized radial electrolytic, >=10 V; match footprint diameter and lead pitch",Fit
1,C9,100uF 10V,Capacitor_THT:CP_Radial_D6.3mm_P2.50mm,"Polarized radial electrolytic, >=10 V; match footprint diameter and lead pitch",Fit
1,C12,1uF,Capacitor_THT:C_Disc_D3.0mm_W1.6mm_P2.50mm,"Nonpolar ceramic, >=10 V; match footprint body and 2.50 mm lead pitch",Fit
1,F1,1A FUSE,Fuse:Fuse_1206_3216Metric,Littelfuse 0466001.NR,Fit
1,J14,TDS_VCC SELECT,Connector_PinHeader_2.54mm:PinHeader_1x03_P2.54mm_Vertical,2.54 mm pitch 1x3 male header + one removable 1x2 shunt,Fit 1x3 header; leave shunt OFF until sensor voltage is confirmed
1,J15,TURB_VCC SELECT,Connector_PinHeader_2.54mm:PinHeader_1x03_P2.54mm_Vertical,2.54 mm pitch 1x3 male header + one removable 1x2 shunt,Fit 1x3 header; leave shunt OFF until sensor voltage is confirmed
1,Q1,IRLZ44NPBF,Package_TO_SOT_THT:TO-220-3_Vertical,IRLZ44NPBF,Fit
1,Q2,AO3400A,Package_TO_SOT_SMD:SOT-23,AO3400A,Fit
8,R1 R2 R3 R4 R5 R6 R7 R8,4.7k DNP,Resistor_THT:R_Axial_DIN0207_L6.3mm_D2.5mm_P7.62mm_Horizontal,"Axial 0.25 W, 1% preferred, body <=6.3 x 2.5 mm, 7.62 mm lead pitch",DNP initially; fit only if this bus lacks suitable module pull-ups
2,R9 R27,4.7k,Resistor_THT:R_Axial_DIN0207_L6.3mm_D2.5mm_P7.62mm_Horizontal,"Axial 0.25 W, 1% preferred, body <=6.3 x 2.5 mm, 7.62 mm lead pitch",Fit
6,R10 R11 R12 R13 R20 R21,10k 1%,Resistor_THT:R_Axial_DIN0207_L6.3mm_D2.5mm_P7.62mm_Horizontal,"Axial 0.25 W, 1% preferred, body <=6.3 x 2.5 mm, 7.62 mm lead pitch",Fit
1,R14,2.2k,Resistor_THT:R_Axial_DIN0207_L6.3mm_D2.5mm_P7.62mm_Horizontal,"Axial 0.25 W, 1% preferred, body <=6.3 x 2.5 mm, 7.62 mm lead pitch",Fit
3,R15 R17 R25,100,Resistor_THT:R_Axial_DIN0207_L6.3mm_D2.5mm_P7.62mm_Horizontal,"Axial 0.25 W, 1% preferred, body <=6.3 x 2.5 mm, 7.62 mm lead pitch",Fit
2,R16 R26,100k,Resistor_THT:R_Axial_DIN0207_L6.3mm_D2.5mm_P7.62mm_Horizontal,"Axial 0.25 W, 1% preferred, body <=6.3 x 2.5 mm, 7.62 mm lead pitch",Fit
2,R18 R22,10k,Resistor_THT:R_Axial_DIN0207_L6.3mm_D2.5mm_P7.62mm_Horizontal,"Axial 0.25 W, 1% preferred, body <=6.3 x 2.5 mm, 7.62 mm lead pitch",Fit
1,R19,1k 0.25W,Resistor_THT:R_Axial_DIN0207_L6.3mm_D2.5mm_P7.62mm_Horizontal,"Axial 0.25 W, 1% preferred, body <=6.3 x 2.5 mm, 7.62 mm lead pitch",Fit
1,R23,1k 1%,Resistor_THT:R_Axial_DIN0207_L6.3mm_D2.5mm_P7.62mm_Horizontal,"Axial 0.25 W, 1% preferred, body <=6.3 x 2.5 mm, 7.62 mm lead pitch",Fit
1,R24,22k 1%,Resistor_THT:R_Axial_DIN0207_L6.3mm_D2.5mm_P7.62mm_Horizontal,"Axial 0.25 W, 1% preferred, body <=6.3 x 2.5 mm, 7.62 mm lead pitch",Fit
2,R28 R29,1k,Resistor_THT:R_Axial_DIN0207_L6.3mm_D2.5mm_P7.62mm_Horizontal,"Axial 0.25 W, 1% preferred, body <=6.3 x 2.5 mm, 7.62 mm lead pitch",Fit
1,U1,MCP6002-I/P,Package_DIP:DIP-8_W7.62mm_Socket_LongPads,MCP6002-I/P,Fit
1,U2,TC4426AEPA,Package_DIP:DIP-8_W7.62mm_Socket_LongPads,TC4426AEPA,Fit
1,U3,TMUX1511PWR,Package_SO:TSSOP-14_4.4x5mm_P0.65mm,TMUX1511PWR,Fit
1,U4,MCP100-315DI/TO,Package_TO_SOT_THT:TO-92_Inline_Wide,MCP100-315DI/TO,Fit
