Reference,Value,Physical pin/pad,Pin name,Electrical net
C1,470uF 10V,1,,EXT5V
C1,470uF 10V,2,,GND
C2,100nF,1,,EXT5V
C2,100nF,2,,GND
C3,100nF,1,,MAIN3V3
C3,100nF,2,,GND
C4,10uF 10V,1,,MAIN3V3
C4,10uF 10V,2,,GND
C5,100nF,1,,MAIN3V3
C5,100nF,2,,GND
C6,100nF,1,,MAIN3V3
C6,100nF,2,,GND
C7,100nF,1,,TDS_DIV
C7,100nF,2,,GND
C8,100nF,1,,TURB_DIV
C8,100nF,2,,GND
C9,100uF 10V,1,,EXT5V
C9,100uF 10V,2,,GND
C10,100nF,1,,EXT5V
C10,100nF,2,,GND
C11,100nF,1,,EXT5V
C11,100nF,2,,GND
C12,1uF,1,,EXT5V
C12,1uF,2,,GND
C13,100nF,1,,RX_VREF
C13,100nF,2,,GND
C14,100nF,1,,RX_RAW
C14,100nF,2,,RX_IN
C15,100nF,1,,RX3V3
C15,100nF,2,,GND
C16,10uF 10V,1,,RX3V3
C16,10uF 10V,2,,GND
C17,100nF,1,,MAIN3V3
C17,100nF,2,,GND
C18,100nF,1,,MAIN3V3
C18,100nF,2,,GND
F1,1A FUSE,1,,EXT5V_IN
F1,1A FUSE,2,,EXT5V
J1,ESP32-S3 MAIN / A,1,3V3 OUT,MAIN3V3
J1,ESP32-S3 MAIN / A,2,GND,GND
J1,ESP32-S3 MAIN / A,3,GPIO4,TEMP_DATA
J1,ESP32-S3 MAIN / A,4,GPIO5,I2S_BCLK
J1,ESP32-S3 MAIN / A,5,GPIO6,I2S_LRC
J1,ESP32-S3 MAIN / A,6,GPIO7,I2S_DIN
J1,ESP32-S3 MAIN / A,7,GPIO8,I2C1_SDA
J1,ESP32-S3 MAIN / A,8,GPIO9,I2C1_SCL
J2,ESP32-S3 MAIN / B,1,GPIO10,I2C2_SDA
J2,ESP32-S3 MAIN / B,2,GPIO11,I2C2_SCL
J2,ESP32-S3 MAIN / B,3,GPIO12,I2C3_SDA
J2,ESP32-S3 MAIN / B,4,GPIO13,I2C3_SCL
J2,ESP32-S3 MAIN / B,5,GPIO14,I2C4_SDA
J2,ESP32-S3 MAIN / B,6,GPIO15,I2C4_SCL
J2,ESP32-S3 MAIN / B,7,GPIO16,TX_PWM
J2,ESP32-S3 MAIN / B,8,GND,GND
J3,ESP32 DEVKIT RX,1,3V3 OUT,RX3V3
J3,ESP32 DEVKIT RX,2,GND,GND
J3,ESP32 DEVKIT RX,3,GPIO34,RX_ADC
J4,REGULATED 5 V INPUT,1,5V IN,EXT5V_IN
J4,REGULATED 5 V INPUT,2,GND,GND
J5,OLED1 0x3C,1,3V3,MAIN3V3
J5,OLED1 0x3C,2,GND,GND
J5,OLED1 0x3C,3,SCL,I2C1_SCL
J5,OLED1 0x3C,4,SDA,I2C1_SDA
J6,OLED2 0x3C,1,3V3,MAIN3V3
J6,OLED2 0x3C,2,GND,GND
J6,OLED2 0x3C,3,SCL,I2C2_SCL
J6,OLED2 0x3C,4,SDA,I2C2_SDA
J7,OLED3 0x3C,1,3V3,MAIN3V3
J7,OLED3 0x3C,2,GND,GND
J7,OLED3 0x3C,3,SCL,I2C3_SCL
J7,OLED3 0x3C,4,SDA,I2C3_SDA
J8,OLED4 0x3C,1,3V3,MAIN3V3
J8,OLED4 0x3C,2,GND,GND
J8,OLED4 0x3C,3,SCL,I2C4_SCL
J8,OLED4 0x3C,4,SDA,I2C4_SDA
J9,DS18B20,1,3V3,MAIN3V3
J9,DS18B20,2,DATA,TEMP_DATA
J9,DS18B20,3,GND,GND
J10,ADS1115 #1 0x48,1,VDD/AVDD,MAIN3V3
J10,ADS1115 #1 0x48,2,GND/AGND,GND
J10,ADS1115 #1 0x48,3,SDA,I2C1_SDA
J10,ADS1115 #1 0x48,4,SCL,I2C1_SCL
J10,ADS1115 #1 0x48,5,A0 TDS,TDS_ADC
J10,ADS1115 #1 0x48,6,A1 TURB,TURB_ADC
J10,ADS1115 #1 0x48,7,ADDR GND,GND
J11,ADS1115 #2 0x49,1,VDD/AVDD,MAIN3V3
J11,ADS1115 #2 0x49,2,GND/AGND,GND
J11,ADS1115 #2 0x49,3,SDA,I2C1_SDA
J11,ADS1115 #2 0x49,4,SCL,I2C1_SCL
J11,ADS1115 #2 0x49,5,A0 TDS POT,POT_TDS
J11,ADS1115 #2 0x49,6,A1 TURB POT,POT_TURB
J11,ADS1115 #2 0x49,7,A2 TEMP POT,POT_TEMP
J11,ADS1115 #2 0x49,8,ADDR 3V3,MAIN3V3
J12,TDS SENSOR,1,VCC SELECT,TDS_VCC
J12,TDS SENSOR,2,GND,GND
J12,TDS SENSOR,3,OUT 0-5V,TDS_RAW
J13,TURBIDITY SENSOR,1,VCC SELECT,TURB_VCC
J13,TURBIDITY SENSOR,2,GND,GND
J13,TURBIDITY SENSOR,3,OUT 0-5V,TURB_RAW
J14,TDS_VCC SELECT,1,3V3,MAIN3V3
J14,TDS_VCC SELECT,2,SENSOR VCC,TDS_VCC
J14,TDS_VCC SELECT,3,5V,EXT5V
J15,TURB_VCC SELECT,1,3V3,MAIN3V3
J15,TURB_VCC SELECT,2,SENSOR VCC,TURB_VCC
J15,TURB_VCC SELECT,3,5V,EXT5V
J16,TDS POT,1,3V3,MAIN3V3
J16,TDS POT,2,WIPER/OUT,POT_TDS
J16,TDS POT,3,GND,GND
J17,TURBIDITY POT,1,3V3,MAIN3V3
J17,TURBIDITY POT,2,WIPER/OUT,POT_TURB
J17,TURBIDITY POT,3,GND,GND
J18,TEMPERATURE POT,1,3V3,MAIN3V3
J18,TEMPERATURE POT,2,WIPER/OUT,POT_TEMP
J18,TEMPERATURE POT,3,GND,GND
J19,MAX98357A MODULE,1,VIN 5V,EXT5V
J19,MAX98357A MODULE,2,GND,GND
J19,MAX98357A MODULE,3,BCLK,I2S_BCLK
J19,MAX98357A MODULE,4,LRC/WS,I2S_LRC
J19,MAX98357A MODULE,5,DIN,I2S_DIN
J19,MAX98357A MODULE,6,SD/MODE,AMP_SD
J19,MAX98357A MODULE,7,SPK+,SPK_P
J19,MAX98357A MODULE,8,SPK-,SPK_N
J20,SPEAKER,1,SPK+,SPK_P
J20,SPEAKER,2,SPK-,SPK_N
J21,GU1008C-40T TX,1,TX +5V,EXT5V
J21,GU1008C-40T TX,2,TX DRAIN,TX_DRAIN
J22,BARE RX ELEMENT,1,RX SIGNAL,RX_RAW
J22,BARE RX ELEMENT,2,RX GND,GND
Q1,IRLZ44NPBF,1,G,TX_GATE
Q1,IRLZ44NPBF,2,D,TX_DRAIN
Q1,IRLZ44NPBF,3,S,GND
Q2,AO3400A,1,G,TX_LEVEL_GATE
Q2,AO3400A,2,S,GND
Q2,AO3400A,3,D,TX_DRIVER_IN
R1,4.7k DNP,1,,MAIN3V3
R1,4.7k DNP,2,,I2C1_SDA
R2,4.7k DNP,1,,MAIN3V3
R2,4.7k DNP,2,,I2C1_SCL
R3,4.7k DNP,1,,MAIN3V3
R3,4.7k DNP,2,,I2C2_SDA
R4,4.7k DNP,1,,MAIN3V3
R4,4.7k DNP,2,,I2C2_SCL
R5,4.7k DNP,1,,MAIN3V3
R5,4.7k DNP,2,,I2C3_SDA
R6,4.7k DNP,1,,MAIN3V3
R6,4.7k DNP,2,,I2C3_SCL
R7,4.7k DNP,1,,MAIN3V3
R7,4.7k DNP,2,,I2C4_SDA
R8,4.7k DNP,1,,MAIN3V3
R8,4.7k DNP,2,,I2C4_SCL
R9,4.7k,1,,MAIN3V3
R9,4.7k,2,,TEMP_DATA
R10,10k 1%,1,,TDS_RAW
R10,10k 1%,2,,TDS_DIV
R11,10k 1%,1,,TDS_DIV
R11,10k 1%,2,,GND
R12,10k 1%,1,,TURB_RAW
R12,10k 1%,2,,TURB_DIV
R13,10k 1%,1,,TURB_DIV
R13,10k 1%,2,,GND
R14,2.2k,1,,MAIN3V3
R14,2.2k,2,,AMP_SD
R15,100,1,,TX_PWM
R15,100,2,,TX_LEVEL_GATE
R16,100k,1,,TX_LEVEL_GATE
R16,100k,2,,GND
R17,100,1,,TX_DRIVER_OUT
R17,100,2,,TX_GATE
R18,10k,1,,TX_GATE
R18,10k,2,,GND
R19,1k 0.25W,1,,EXT5V
R19,1k 0.25W,2,,TX_DRAIN
R20,10k 1%,1,,RX3V3
R20,10k 1%,2,,RX_VREF
R21,10k 1%,1,,RX_VREF
R21,10k 1%,2,,GND
R22,10k,1,,RX_IN
R22,10k,2,,RX_VBIAS
R23,1k 1%,1,,RX_FB
R23,1k 1%,2,,RX_VBIAS
R24,22k 1%,1,,RX_OUT
R24,22k 1%,2,,RX_FB
R25,100,1,,RX_OUT
R25,100,2,,RX_ADC
R26,100k,1,,ADC_INPUT_ENABLE
R26,100k,2,,GND
R27,4.7k,1,,EXT5V
R27,4.7k,2,,TX_DRIVER_IN
R28,1k,1,,TDS_SWITCH
R28,1k,2,,TDS_ADC
R29,1k,1,,TURB_SWITCH
R29,1k,2,,TURB_ADC
TP1,EXT5V,1,,EXT5V
TP2,MAIN3V3,1,,MAIN3V3
TP3,GND,1,,GND
TP4,TX_PWM,1,,TX_PWM
TP5,TX_GATE,1,,TX_GATE
TP6,TX_DRAIN,1,,TX_DRAIN
TP7,RX_VREF,1,,RX_VREF
TP8,RX_VBIAS,1,,RX_VBIAS
TP9,RX_OUT,1,,RX_OUT
TP10,RX3V3,1,,RX3V3
TP11,GND,1,,GND
U1,MCP6002-I/P,1,OUT A,RX_VBIAS
U1,MCP6002-I/P,2,IN A-,RX_VBIAS
U1,MCP6002-I/P,3,IN A+,RX_VREF
U1,MCP6002-I/P,4,VSS,GND
U1,MCP6002-I/P,5,IN B+,RX_IN
U1,MCP6002-I/P,6,IN B-,RX_FB
U1,MCP6002-I/P,7,OUT B,RX_OUT
U1,MCP6002-I/P,8,VDD,RX3V3
U2,TC4426AEPA,1,NC,NC - leave unconnected
U2,TC4426AEPA,2,INA INVERT,TX_DRIVER_IN
U2,TC4426AEPA,3,GND,GND
U2,TC4426AEPA,4,INB INVERT,GND
U2,TC4426AEPA,5,OUTB,NC - leave unconnected
U2,TC4426AEPA,6,VDD,EXT5V
U2,TC4426AEPA,7,OUTA,TX_DRIVER_OUT
U2,TC4426AEPA,8,NC,NC - leave unconnected
U3,TMUX1511PWR,1,SEL1,ADC_INPUT_ENABLE
U3,TMUX1511PWR,2,S1,TDS_DIV
U3,TMUX1511PWR,3,D1,TDS_SWITCH
U3,TMUX1511PWR,4,SEL2,ADC_INPUT_ENABLE
U3,TMUX1511PWR,5,S2,TURB_DIV
U3,TMUX1511PWR,6,D2,TURB_SWITCH
U3,TMUX1511PWR,7,GND,GND
U3,TMUX1511PWR,8,D3,GND
U3,TMUX1511PWR,9,S3,GND
U3,TMUX1511PWR,10,SEL3,GND
U3,TMUX1511PWR,11,D4,GND
U3,TMUX1511PWR,12,S4,GND
U3,TMUX1511PWR,13,SEL4,GND
U3,TMUX1511PWR,14,VDD,MAIN3V3
U4,MCP100-315DI/TO,1,nRESET,ADC_INPUT_ENABLE
U4,MCP100-315DI/TO,2,VDD,MAIN3V3
U4,MCP100-315DI/TO,3,VSS,GND
