Reference,Value,Footprint,Manufacturer part / selection,Assembly status,Purpose
C1,470uF 10V,Capacitor_THT:CP_Radial_D8.0mm_P3.50mm,"470 uF >=10 V, diameter <=8 mm, pitch 3.5 mm",Fit,Bulk charge reservoir for the external 5 V rail when TX/audio loads change. Positive lead goes to EXT5V; negative stripe goes to GND.
C2,100nF,Capacitor_THT:C_Disc_D3.0mm_W1.6mm_P2.50mm,"Nonpolar ceramic, >=10 V; match footprint body and 2.50 mm lead pitch",Fit,"High-frequency bypass for the external 5 V distribution, complementing C1."
C3,100nF,Capacitor_THT:C_Disc_D3.0mm_W1.6mm_P2.50mm,"Nonpolar ceramic, >=10 V; match footprint body and 2.50 mm lead pitch",Fit,Local high-frequency bypass on the main controller's 3.3 V distribution.
C4,10uF 10V,Capacitor_THT:CP_Radial_D5.0mm_P2.00mm,"Polarized radial electrolytic, >=10 V; match footprint diameter and lead pitch",Fit,Local bulk storage on MAIN3V3. Positive to MAIN3V3; negative to GND.
C5,100nF,Capacitor_THT:C_Disc_D3.0mm_W1.6mm_P2.50mm,"Nonpolar ceramic, >=10 V; match footprint body and 2.50 mm lead pitch",Fit,Bypasses the 3.3 V supply at the ADS1115 #1 connection. Retain the module's own local bypass capacitor too.
C6,100nF,Capacitor_THT:C_Disc_D3.0mm_W1.6mm_P2.50mm,"Nonpolar ceramic, >=10 V; match footprint body and 2.50 mm lead pitch",Fit,Bypasses the 3.3 V supply at the ADS1115 #2 connection. Retain the module's own local bypass capacitor too.
C7,100nF,Capacitor_THT:C_Disc_D3.0mm_W1.6mm_P2.50mm,"Nonpolar ceramic, >=10 V; match footprint body and 2.50 mm lead pitch",Fit,Filters fast noise on the divided TDS signal. The divider's 5 kΩ equivalent resistance with 100 nF gives an approximate 318 Hz low-pass corner for a low-impedance sensor output.
C8,100nF,Capacitor_THT:C_Disc_D3.0mm_W1.6mm_P2.50mm,"Nonpolar ceramic, >=10 V; match footprint body and 2.50 mm lead pitch",Fit,Filters fast noise on the divided turbidity signal; same approximate 318 Hz corner as C7. This is for slow water-quality measurements.
C9,100uF 10V,Capacitor_THT:CP_Radial_D6.3mm_P2.50mm,"Polarized radial electrolytic, >=10 V; match footprint diameter and lead pitch",Fit,Local bulk storage for the external MAX98357A module supply. Positive to EXT5V and negative to GND.
C10,100nF,Capacitor_THT:C_Disc_D3.0mm_W1.6mm_P2.50mm,"Nonpolar ceramic, >=10 V; match footprint body and 2.50 mm lead pitch",Fit,Fast bypass for the audio module's 5 V wiring. Keep module power wires short and retain its onboard decoupling.
C11,100nF,Capacitor_THT:C_Disc_D3.0mm_W1.6mm_P2.50mm,"Nonpolar ceramic, >=10 V; match footprint body and 2.50 mm lead pitch",Fit,"Fast local 5 V bypass for the gate driver, which delivers brief charging pulses to the MOSFET gate."
C12,1uF,Capacitor_THT:C_Disc_D3.0mm_W1.6mm_P2.50mm,"Nonpolar ceramic, >=10 V; match footprint body and 2.50 mm lead pitch",Fit,"Additional 1 µF local gate-driver charge reservoir, working with C11."
C13,100nF,Capacitor_THT:C_Disc_D3.0mm_W1.6mm_P2.50mm,"Nonpolar ceramic, >=10 V; match footprint body and 2.50 mm lead pitch",Fit,Smooths noise on the unbuffered RX_VREF midpoint. U1 amplifier A then copies this reference into a lower-impedance bias node.
C14,100nF,Capacitor_THT:C_Disc_D3.0mm_W1.6mm_P2.50mm,"Nonpolar ceramic, >=10 V; match footprint body and 2.50 mm lead pitch",Fit,AC coupling from the bare RX element to U1 pin 5. Transfers the changing signal while allowing the amplifier side to rest at RX_VBIAS instead of zero volts.
C15,100nF,Capacitor_THT:C_Disc_D3.0mm_W1.6mm_P2.50mm,"Nonpolar ceramic, >=10 V; match footprint body and 2.50 mm lead pitch",Fit,Local MCP6002 supply bypass directly between its 3.3 V and ground nets. It supports the supply; it is not in series with the supply or signal.
C16,10uF 10V,Capacitor_THT:CP_Radial_D5.0mm_P2.00mm,"Polarized radial electrolytic, >=10 V; match footprint diameter and lead pitch",Fit,"Bulk storage on the RX 3.3 V feed; positive to RX3V3, negative to GND."
C17,100nF,Capacitor_THT:C_Disc_D3.0mm_W1.6mm_P2.50mm,"Nonpolar ceramic, >=10 V; match footprint body and 2.50 mm lead pitch",Fit,"Local 100 nF bypass for U3's MAIN3V3 supply, keeping its power pins close to a stable supply during switching and digital activity."
C18,100nF,Capacitor_THT:C_Disc_D3.0mm_W1.6mm_P2.50mm,"Nonpolar ceramic, >=10 V; match footprint body and 2.50 mm lead pitch",Fit,"Local 100 nF bypass for U4's MAIN3V3 supply, so the supervisor measures a stable local rail."
F1,1A FUSE,Fuse:Fuse_1206_3216Metric,Littelfuse 0466001.NR,Fit,"Series protection in the external 5 V feed. The 1 A rating is the selected fuse rating, not an instant 1 A current clamp or a reverse-polarity protector."
H1,M3 NPTH,MountingHole:MountingHole_3.2mm_M3,See footprint and assembly status,PCB feature; optional test loop / mounting hardware,"3.2 mm non-plated mechanical mounting hole for M3 hardware. Use screw heads and washers no larger than 7 mm outside diameter, matching the reserved mounting area. It does not provide an electrical ground connection."
H2,M3 NPTH,MountingHole:MountingHole_3.2mm_M3,See footprint and assembly status,PCB feature; optional test loop / mounting hardware,"3.2 mm non-plated mechanical mounting hole for M3 hardware. Use screw heads and washers no larger than 7 mm outside diameter, matching the reserved mounting area. It does not provide an electrical ground connection."
H3,M3 NPTH,MountingHole:MountingHole_3.2mm_M3,See footprint and assembly status,PCB feature; optional test loop / mounting hardware,"3.2 mm non-plated mechanical mounting hole for M3 hardware. Use screw heads and washers no larger than 7 mm outside diameter, matching the reserved mounting area. It does not provide an electrical ground connection."
H4,M3 NPTH,MountingHole:MountingHole_3.2mm_M3,See footprint and assembly status,PCB feature; optional test loop / mounting hardware,"3.2 mm non-plated mechanical mounting hole for M3 hardware. Use screw heads and washers no larger than 7 mm outside diameter, matching the reserved mounting area. It does not provide an electrical ground connection."
J1,ESP32-S3 MAIN / A,AUV_WirePads:WirePads_1x08,See footprint and assembly status,PCB feature: solder wires to pads; no part to buy,"Solder wires here by electrical function using the connector map. This pad order is the PCB's order, not a promise about the external module's physical pin order."
J2,ESP32-S3 MAIN / B,AUV_WirePads:WirePads_1x08,See footprint and assembly status,PCB feature: solder wires to pads; no part to buy,"Solder wires here by electrical function using the connector map. This pad order is the PCB's order, not a promise about the external module's physical pin order."
J3,ESP32 DEVKIT RX,AUV_WirePads:WirePads_1x03,See footprint and assembly status,PCB feature: solder wires to pads; no part to buy,"Solder wires here by electrical function using the connector map. This pad order is the PCB's order, not a promise about the external module's physical pin order."
J4,REGULATED 5 V INPUT,AUV_WirePads:WirePads_1x02,See footprint and assembly status,PCB feature: solder wires to pads; no part to buy,"Solder wires here by electrical function using the connector map. This pad order is the PCB's order, not a promise about the external module's physical pin order."
J5,OLED1 0x3C,AUV_WirePads:WirePads_1x04,See footprint and assembly status,PCB feature: solder wires to pads; no part to buy,"Solder wires here by electrical function using the connector map. This pad order is the PCB's order, not a promise about the external module's physical pin order."
J6,OLED2 0x3C,AUV_WirePads:WirePads_1x04,See footprint and assembly status,PCB feature: solder wires to pads; no part to buy,"Solder wires here by electrical function using the connector map. This pad order is the PCB's order, not a promise about the external module's physical pin order."
J7,OLED3 0x3C,AUV_WirePads:WirePads_1x04,See footprint and assembly status,PCB feature: solder wires to pads; no part to buy,"Solder wires here by electrical function using the connector map. This pad order is the PCB's order, not a promise about the external module's physical pin order."
J8,OLED4 0x3C,AUV_WirePads:WirePads_1x04,See footprint and assembly status,PCB feature: solder wires to pads; no part to buy,"Solder wires here by electrical function using the connector map. This pad order is the PCB's order, not a promise about the external module's physical pin order."
J9,DS18B20,AUV_WirePads:WirePads_1x03,See footprint and assembly status,PCB feature: solder wires to pads; no part to buy,"Solder wires here by electrical function using the connector map. This pad order is the PCB's order, not a promise about the external module's physical pin order."
J10,ADS1115 #1 0x48,AUV_WirePads:WirePads_1x07,See footprint and assembly status,PCB feature: solder wires to pads; no part to buy,"Solder wires here by electrical function using the connector map. This pad order is the PCB's order, not a promise about the external module's physical pin order."
J11,ADS1115 #2 0x49,AUV_WirePads:WirePads_1x08,See footprint and assembly status,PCB feature: solder wires to pads; no part to buy,"Solder wires here by electrical function using the connector map. This pad order is the PCB's order, not a promise about the external module's physical pin order."
J12,TDS SENSOR,AUV_WirePads:WirePads_1x03,See footprint and assembly status,PCB feature: solder wires to pads; no part to buy,"Solder wires here by electrical function using the connector map. This pad order is the PCB's order, not a promise about the external module's physical pin order."
J13,TURBIDITY SENSOR,AUV_WirePads:WirePads_1x03,See footprint and assembly status,PCB feature: solder wires to pads; no part to buy,"Solder wires here by electrical function using the connector map. This pad order is the PCB's order, not a promise about the external module's physical pin order."
J14,TDS_VCC SELECT,Connector_PinHeader_2.54mm:PinHeader_1x03_P2.54mm_Vertical,2.54 mm pitch 1x3 male header + one removable 1x2 shunt,Fit 1x3 header; leave shunt OFF until sensor voltage is confirmed,Selects this sensor's supply. Shunt 1-2 selects main 3.3 V; shunt 2-3 selects external 5 V. Fit one shunt only; leave it absent until the module requirement is known.
J15,TURB_VCC SELECT,Connector_PinHeader_2.54mm:PinHeader_1x03_P2.54mm_Vertical,2.54 mm pitch 1x3 male header + one removable 1x2 shunt,Fit 1x3 header; leave shunt OFF until sensor voltage is confirmed,Selects this sensor's supply. Shunt 1-2 selects main 3.3 V; shunt 2-3 selects external 5 V. Fit one shunt only; leave it absent until the module requirement is known.
J16,TDS POT,AUV_WirePads:WirePads_1x03,See footprint and assembly status,PCB feature: solder wires to pads; no part to buy,"Solder wires here by electrical function using the connector map. This pad order is the PCB's order, not a promise about the external module's physical pin order."
J17,TURBIDITY POT,AUV_WirePads:WirePads_1x03,See footprint and assembly status,PCB feature: solder wires to pads; no part to buy,Solder the turbidity-potentiometer wires by electrical function using the connector map. Pad 3 is a direct connection to the GND plane; it may need additional heat transfer or a little extra heating time during soldering.
J18,TEMPERATURE POT,AUV_WirePads:WirePads_1x03,See footprint and assembly status,PCB feature: solder wires to pads; no part to buy,"Solder wires here by electrical function using the connector map. This pad order is the PCB's order, not a promise about the external module's physical pin order."
J19,MAX98357A MODULE,AUV_WirePads:WirePads_1x08,See footprint and assembly status,PCB feature: solder wires to pads; no part to buy,"Solder wires here by electrical function using the connector map. This pad order is the PCB's order, not a promise about the external module's physical pin order."
J20,SPEAKER,AUV_WirePads:WirePads_1x02,See footprint and assembly status,PCB feature: solder wires to pads; no part to buy,"Solder wires here by electrical function using the connector map. This pad order is the PCB's order, not a promise about the external module's physical pin order."
J21,GU1008C-40T TX,AUV_WirePads:WirePads_1x02,See footprint and assembly status,PCB feature: solder wires to pads; no part to buy,"Solder wires here by electrical function using the connector map. This pad order is the PCB's order, not a promise about the external module's physical pin order."
J22,BARE RX ELEMENT,AUV_WirePads:WirePads_1x02,See footprint and assembly status,PCB feature: solder wires to pads; no part to buy,"Solder wires here by electrical function using the connector map. This pad order is the PCB's order, not a promise about the external module's physical pin order."
Q1,IRLZ44NPBF,Package_TO_SOT_THT:TO-220-3_Vertical,IRLZ44NPBF,Fit,"IRLZ44N N-channel MOSFET, used as a low-side switch. Gate controls conduction, drain goes to the TX return, source goes to GND. Metal tab is electrically connected to drain."
Q2,AO3400A,Package_TO_SOT_SMD:SOT-23,AO3400A,Fit,AO3400A small N-channel MOSFET. Its insulated gate receives the 3.3 V GPIO command; its drain switches the separate 5 V driver-input node. This separates the GPIO from an unpowered driver supply. The inversion here is reversed again by U2.
R1,4.7k DNP,Resistor_THT:R_Axial_DIN0207_L6.3mm_D2.5mm_P7.62mm_Horizontal,"Axial 0.25 W, 1% preferred, body <=6.3 x 2.5 mm, 7.62 mm lead pitch",DNP initially; fit only if this bus lacks suitable module pull-ups,Optional I2C pull-up to MAIN3V3. Leave unpopulated initially if connected modules already provide suitable pull-ups; parallel pull-ups reduce the effective resistance.
R2,4.7k DNP,Resistor_THT:R_Axial_DIN0207_L6.3mm_D2.5mm_P7.62mm_Horizontal,"Axial 0.25 W, 1% preferred, body <=6.3 x 2.5 mm, 7.62 mm lead pitch",DNP initially; fit only if this bus lacks suitable module pull-ups,Optional I2C pull-up to MAIN3V3. Leave unpopulated initially if connected modules already provide suitable pull-ups; parallel pull-ups reduce the effective resistance.
R3,4.7k DNP,Resistor_THT:R_Axial_DIN0207_L6.3mm_D2.5mm_P7.62mm_Horizontal,"Axial 0.25 W, 1% preferred, body <=6.3 x 2.5 mm, 7.62 mm lead pitch",DNP initially; fit only if this bus lacks suitable module pull-ups,Optional I2C pull-up to MAIN3V3. Leave unpopulated initially if connected modules already provide suitable pull-ups; parallel pull-ups reduce the effective resistance.
R4,4.7k DNP,Resistor_THT:R_Axial_DIN0207_L6.3mm_D2.5mm_P7.62mm_Horizontal,"Axial 0.25 W, 1% preferred, body <=6.3 x 2.5 mm, 7.62 mm lead pitch",DNP initially; fit only if this bus lacks suitable module pull-ups,Optional I2C pull-up to MAIN3V3. Leave unpopulated initially if connected modules already provide suitable pull-ups; parallel pull-ups reduce the effective resistance.
R5,4.7k DNP,Resistor_THT:R_Axial_DIN0207_L6.3mm_D2.5mm_P7.62mm_Horizontal,"Axial 0.25 W, 1% preferred, body <=6.3 x 2.5 mm, 7.62 mm lead pitch",DNP initially; fit only if this bus lacks suitable module pull-ups,Optional I2C pull-up to MAIN3V3. Leave unpopulated initially if connected modules already provide suitable pull-ups; parallel pull-ups reduce the effective resistance.
R6,4.7k DNP,Resistor_THT:R_Axial_DIN0207_L6.3mm_D2.5mm_P7.62mm_Horizontal,"Axial 0.25 W, 1% preferred, body <=6.3 x 2.5 mm, 7.62 mm lead pitch",DNP initially; fit only if this bus lacks suitable module pull-ups,Optional I2C pull-up to MAIN3V3. Leave unpopulated initially if connected modules already provide suitable pull-ups; parallel pull-ups reduce the effective resistance.
R7,4.7k DNP,Resistor_THT:R_Axial_DIN0207_L6.3mm_D2.5mm_P7.62mm_Horizontal,"Axial 0.25 W, 1% preferred, body <=6.3 x 2.5 mm, 7.62 mm lead pitch",DNP initially; fit only if this bus lacks suitable module pull-ups,Optional I2C pull-up to MAIN3V3. Leave unpopulated initially if connected modules already provide suitable pull-ups; parallel pull-ups reduce the effective resistance.
R8,4.7k DNP,Resistor_THT:R_Axial_DIN0207_L6.3mm_D2.5mm_P7.62mm_Horizontal,"Axial 0.25 W, 1% preferred, body <=6.3 x 2.5 mm, 7.62 mm lead pitch",DNP initially; fit only if this bus lacks suitable module pull-ups,Optional I2C pull-up to MAIN3V3. Leave unpopulated initially if connected modules already provide suitable pull-ups; parallel pull-ups reduce the effective resistance.
R9,4.7k,Resistor_THT:R_Axial_DIN0207_L6.3mm_D2.5mm_P7.62mm_Horizontal,"Axial 0.25 W, 1% preferred, body <=6.3 x 2.5 mm, 7.62 mm lead pitch",Fit,Pulls the DS18B20 data wire high between data pulses. The sensor and controller can pull the shared wire low.
R10,10k 1%,Resistor_THT:R_Axial_DIN0207_L6.3mm_D2.5mm_P7.62mm_Horizontal,"Axial 0.25 W, 1% preferred, body <=6.3 x 2.5 mm, 7.62 mm lead pitch",Fit,Upper half of the TDS 2:1 divider: TDS_RAW to TDS_DIV.
R11,10k 1%,Resistor_THT:R_Axial_DIN0207_L6.3mm_D2.5mm_P7.62mm_Horizontal,"Axial 0.25 W, 1% preferred, body <=6.3 x 2.5 mm, 7.62 mm lead pitch",Fit,Lower half of the TDS divider: TDS_DIV to GND. Equal 10 kΩ values make the midpoint half the input voltage.
R12,10k 1%,Resistor_THT:R_Axial_DIN0207_L6.3mm_D2.5mm_P7.62mm_Horizontal,"Axial 0.25 W, 1% preferred, body <=6.3 x 2.5 mm, 7.62 mm lead pitch",Fit,Upper half of the turbidity 2:1 divider: TURB_RAW to TURB_DIV.
R13,10k 1%,Resistor_THT:R_Axial_DIN0207_L6.3mm_D2.5mm_P7.62mm_Horizontal,"Axial 0.25 W, 1% preferred, body <=6.3 x 2.5 mm, 7.62 mm lead pitch",Fit,Lower half of the turbidity divider: TURB_DIV to GND. The ADC sees approximately half the external sensor voltage.
R14,2.2k,Resistor_THT:R_Axial_DIN0207_L6.3mm_D2.5mm_P7.62mm_Horizontal,"Axial 0.25 W, 1% preferred, body <=6.3 x 2.5 mm, 7.62 mm lead pitch",Fit,Feeds the audio module's SD/MODE input from MAIN3V3 through 2.2 kΩ; limits current when its logic drive exceeds the amplifier supply. Check any SD/MODE parts already fitted to your module.
R15,100,Resistor_THT:R_Axial_DIN0207_L6.3mm_D2.5mm_P7.62mm_Horizontal,"Axial 0.25 W, 1% preferred, body <=6.3 x 2.5 mm, 7.62 mm lead pitch",Fit,100 Ω resistor between GPIO16 and Q2's gate; limits fast gate-charging current and edge ringing. It does not set the 40 kHz frequency.
R16,100k,Resistor_THT:R_Axial_DIN0207_L6.3mm_D2.5mm_P7.62mm_Horizontal,"Axial 0.25 W, 1% preferred, body <=6.3 x 2.5 mm, 7.62 mm lead pitch",Fit,"Pulls Q2's gate low while GPIO16 is not actively driven. Q2 then turns off, R27 pulls the inverting driver input high, and the main TX gate is commanded OFF."
R17,100,Resistor_THT:R_Axial_DIN0207_L6.3mm_D2.5mm_P7.62mm_Horizontal,"Axial 0.25 W, 1% preferred, body <=6.3 x 2.5 mm, 7.62 mm lead pitch",Fit,Series MOSFET gate resistor. Slows very fast charging/discharging edges enough to limit peak gate current and ringing; the MOSFET still switches at the firmware's 40 kHz.
R18,10k,Resistor_THT:R_Axial_DIN0207_L6.3mm_D2.5mm_P7.62mm_Horizontal,"Axial 0.25 W, 1% preferred, body <=6.3 x 2.5 mm, 7.62 mm lead pitch",Fit,Gate-to-source pull-down. Removes stored gate charge if the driver is unpowered or disconnected and holds gate near the grounded source.
R19,1k 0.25W,Resistor_THT:R_Axial_DIN0207_L6.3mm_D2.5mm_P7.62mm_Horizontal,"Axial 0.25 W, 1% preferred, body <=6.3 x 2.5 mm, 7.62 mm lead pitch",Fit,"Provides the piezo's reset path between switching pulses. It pulls TX_DRAIN back toward +5 V when Q1 switches off, returning the voltage across the piezo toward zero."
R20,10k 1%,Resistor_THT:R_Axial_DIN0207_L6.3mm_D2.5mm_P7.62mm_Horizontal,"Axial 0.25 W, 1% preferred, body <=6.3 x 2.5 mm, 7.62 mm lead pitch",Fit,"Top resistor of the RX half-supply divider, from RX3V3 to RX_VREF."
R21,10k 1%,Resistor_THT:R_Axial_DIN0207_L6.3mm_D2.5mm_P7.62mm_Horizontal,"Axial 0.25 W, 1% preferred, body <=6.3 x 2.5 mm, 7.62 mm lead pitch",Fit,"Bottom resistor of the RX divider, from RX_VREF to GND. Equal 10 kΩ values make about 1.65 V from a 3.3 V supply."
R22,10k,Resistor_THT:R_Axial_DIN0207_L6.3mm_D2.5mm_P7.62mm_Horizontal,"Axial 0.25 W, 1% preferred, body <=6.3 x 2.5 mm, 7.62 mm lead pitch",Fit,Gives U1 pin 5 a DC path to RX_VBIAS. Without this bias path the coupling capacitor would leave that input without a defined resting voltage.
R23,1k 1%,Resistor_THT:R_Axial_DIN0207_L6.3mm_D2.5mm_P7.62mm_Horizontal,"Axial 0.25 W, 1% preferred, body <=6.3 x 2.5 mm, 7.62 mm lead pitch",Fit,"Bottom resistor of amplifier B's feedback divider, from pin 6 to RX_VBIAS. Referencing this resistor to bias keeps the amplified waveform centered at half-supply."
R24,22k 1%,Resistor_THT:R_Axial_DIN0207_L6.3mm_D2.5mm_P7.62mm_Horizontal,"Axial 0.25 W, 1% preferred, body <=6.3 x 2.5 mm, 7.62 mm lead pitch",Fit,"Feedback resistor from output pin 7 to inverting input pin 6. Together with R23, sets ideal small-signal gain 1 + 22 kΩ / 1 kΩ = 23 relative to RX_VBIAS."
R25,100,Resistor_THT:R_Axial_DIN0207_L6.3mm_D2.5mm_P7.62mm_Horizontal,"Axial 0.25 W, 1% preferred, body <=6.3 x 2.5 mm, 7.62 mm lead pitch",Fit,100 Ω series connection from amplifier output to GPIO34. Provides a small isolation resistance for the ADC wiring; it is not a voltage divider or a 5 V level shifter.
R26,100k,Resistor_THT:R_Axial_DIN0207_L6.3mm_D2.5mm_P7.62mm_Horizontal,"Axial 0.25 W, 1% preferred, body <=6.3 x 2.5 mm, 7.62 mm lead pitch",Fit,Pulls ADC_INPUT_ENABLE low when the supervisor cannot actively drive it. This gives the sensor analog switches a defined disconnected command during absent/very-low main power.
R27,4.7k,Resistor_THT:R_Axial_DIN0207_L6.3mm_D2.5mm_P7.62mm_Horizontal,"Axial 0.25 W, 1% preferred, body <=6.3 x 2.5 mm, 7.62 mm lead pitch",Fit,"4.7 kΩ pull-up from EXT5V to the inverting gate-driver input. With Q2 off it commands a low driver output. When Q2 turns on, this resistor limits the drain/pull-up current to about 1.1 mA at 5 V."
R28,1k,Resistor_THT:R_Axial_DIN0207_L6.3mm_D2.5mm_P7.62mm_Horizontal,"Axial 0.25 W, 1% preferred, body <=6.3 x 2.5 mm, 7.62 mm lead pitch",Fit,1 kΩ series resistor after the TDS analog switch and before ADS1115 A0. Limits brief current from the charged input-filter capacitor while the supply is falling and the switch is turning off; normal sensor scaling remains approximately 2:1.
R29,1k,Resistor_THT:R_Axial_DIN0207_L6.3mm_D2.5mm_P7.62mm_Horizontal,"Axial 0.25 W, 1% preferred, body <=6.3 x 2.5 mm, 7.62 mm lead pitch",Fit,1 kΩ series resistor after the turbidity analog switch and before ADS1115 A1; same transient-current limiting purpose as R28.
TP1,EXT5V,TestPoint:TestPoint_THTPad_D2.0mm_Drill1.0mm,See footprint and assembly status,PCB feature; optional test loop / mounting hardware,Accessible measurement point for EXT5V; use a GND test point as the voltage reference.
TP2,MAIN3V3,TestPoint:TestPoint_THTPad_D2.0mm_Drill1.0mm,See footprint and assembly status,PCB feature; optional test loop / mounting hardware,Accessible measurement point for MAIN3V3; use a GND test point as the voltage reference.
TP3,GND,TestPoint:TestPoint_THTPad_D2.0mm_Drill1.0mm,See footprint and assembly status,PCB feature; optional test loop / mounting hardware,Accessible measurement point for GND; use a GND test point as the voltage reference.
TP4,TX_PWM,TestPoint:TestPoint_THTPad_D2.0mm_Drill1.0mm,See footprint and assembly status,PCB feature; optional test loop / mounting hardware,Accessible measurement point for TX_PWM; use a GND test point as the voltage reference.
TP5,TX_GATE,TestPoint:TestPoint_THTPad_D2.0mm_Drill1.0mm,See footprint and assembly status,PCB feature; optional test loop / mounting hardware,Accessible measurement point for TX_GATE; use a GND test point as the voltage reference.
TP6,TX_DRAIN,TestPoint:TestPoint_THTPad_D2.0mm_Drill1.0mm,See footprint and assembly status,PCB feature; optional test loop / mounting hardware,Accessible measurement point for TX_DRAIN; use a GND test point as the voltage reference.
TP7,RX_VREF,TestPoint:TestPoint_THTPad_D2.0mm_Drill1.0mm,See footprint and assembly status,PCB feature; optional test loop / mounting hardware,Accessible measurement point for RX_VREF; use a GND test point as the voltage reference.
TP8,RX_VBIAS,TestPoint:TestPoint_THTPad_D2.0mm_Drill1.0mm,See footprint and assembly status,PCB feature; optional test loop / mounting hardware,Accessible measurement point for RX_VBIAS; use a GND test point as the voltage reference.
TP9,RX_OUT,TestPoint:TestPoint_THTPad_D2.0mm_Drill1.0mm,See footprint and assembly status,PCB feature; optional test loop / mounting hardware,Accessible measurement point for RX_OUT; use a GND test point as the voltage reference.
TP10,RX3V3,TestPoint:TestPoint_THTPad_D2.0mm_Drill1.0mm,See footprint and assembly status,PCB feature; optional test loop / mounting hardware,Accessible measurement point for RX3V3; use a GND test point as the voltage reference.
TP11,GND,TestPoint:TestPoint_THTPad_D2.0mm_Drill1.0mm,See footprint and assembly status,PCB feature; optional test loop / mounting hardware,Accessible measurement point for GND; use a GND test point as the voltage reference.
U1,MCP6002-I/P,Package_DIP:DIP-8_W7.62mm_Socket_LongPads,MCP6002-I/P,Fit,MCP6002 dual op-amp. Amplifier A buffers the half-supply reference; amplifier B amplifies the received AC signal about that reference. DIP-8 orientation matters.
U2,TC4426AEPA,Package_DIP:DIP-8_W7.62mm_Socket_LongPads,TC4426AEPA,Fit,"TC4426A inverting MOSFET gate driver. A low at pin 2 makes output pin 7 high, and vice versa. Together with Q2's inversion, GPIO16 high still turns the TX switch on. The unused channel input is held low; its output is left unconnected."
U3,TMUX1511PWR,Package_SO:TSSOP-14_4.4x5mm_P0.65mm,TMUX1511PWR,Fit,Analog switch after the two sensor dividers. Connects sensor measurements to the ADC only while the main 3.3 V supply is valid; powered-off protection isolates the ADC when MAIN3V3 is absent. This is not general overvoltage protection for arbitrary sensor signals.
U4,MCP100-315DI/TO,Package_TO_SOT_THT:TO-92_Inline_Wide,MCP100-315DI/TO,Fit,Monitors MAIN3V3. Its healthy-supply output enables the sensor analog switches; a low/invalid supply disables them. This does not connect to either ESP32 reset pin.
