reference,x_mm,y_mm,rotation_deg,side,status
F1,12,12,0,top,preliminary-placement
D1,18,12,0,top,preliminary-placement
Q1,24,12,0,top,preliminary-placement
U1,18,25,0,top,preliminary-placement
U2,32,20,0,top,preliminary-placement
U3,50,22,0,top,preliminary-placement
J1,50,5,180,top,preliminary-placement
U4,72,25,0,top,preliminary-placement
U5,78,38,0,top,preliminary-placement
RN1,88,34,90,top,preliminary-placement
RN2,92,34,90,top,preliminary-placement
U6,78,58,0,top,preliminary-placement
U7,52,65,0,top,preliminary-placement
Q2-Q5,62,72,0,top,preliminary-placement
T1,80,72,0,top,preliminary-placement
U8,28,58,0,top,preliminary-placement
U9,35,68,0,top,preliminary-placement
J2-J7,10,50,90,top,preliminary-placement
TP01-TP18,45,48,0,top,preliminary-placement
